"Streamer";"Date";"Duration";"Viewers"
"Riot Games";"Oct 18, 2020, 18:17";"4.6 hrs";"22.261"
"Riot Games";"Oct 18, 2020, 08:29";"5.4 hrs";"457.366"
"Riot Games";"Oct 17, 2020, 18:17";"6.3 hrs";"27.577"
"Riot Games";"Oct 17, 2020, 08:21";"7.4 hrs";"515.211"
"Riot Games";"Oct 16, 2020, 18:17";"5.3 hrs";"20.892"
"Riot Games";"Oct 16, 2020, 08:28";"6.3 hrs";"295.818"
"Riot Games";"Oct 15, 2020, 18:23";"4.7 hrs";"16.846"
"Riot Games";"Oct 15, 2020, 08:30";"5.6 hrs";"286.211"
"Riot Games";"Oct 11, 2020, 16:17";"7.8 hrs";"25.637"
"Riot Games";"Oct 11, 2020, 06:30";"8.7 hrs";"273.643"
"Riot Games";"Oct 10, 2020, 16:18";"7.1 hrs";"38.971"
"Riot Games";"Oct 10, 2020, 06:30";"8.1 hrs";"331.270"
"Riot Games";"Oct 9, 2020, 16:17";"7.1 hrs";"24.412"
"Riot Games";"Oct 9, 2020, 06:30";"7.9 hrs";"233.041"
"Riot Games";"Oct 8, 2020, 16:17";"8.3 hrs";"30.381"
"Riot Games";"Oct 8, 2020, 06:30";"9.1 hrs";"363.870"
"Riot Games";"Oct 6, 2020, 17:32";"9.7 hrs";"22.327"
"Riot Games";"Oct 6, 2020, 06:29";"8.8 hrs";"319.005"
"Riot Games";"Oct 5, 2020, 16:19";"7.4 hrs";"35.368"
"Riot Games";"Oct 5, 2020, 06:42";"8.2 hrs";"302.706"
"Riot Games";"Oct 4, 2020, 16:17";"7.8 hrs";"35.674"
"Riot Games";"Oct 4, 2020, 06:31";"8.7 hrs";"388.743"
"Riot Games";"Oct 3, 2020, 16:25";"7.8 hrs";"38.643"
"Riot Games";"Oct 3, 2020, 06:38";"8.4 hrs";"458.720"
"Riot Games";"Sep 30, 2020, 18:32";"7.0 hrs";"10.914"
"Riot Games";"Sep 30, 2020, 04:58";"7.6 hrs";"163.855"
"Riot Games";"Sep 29, 2020, 16:33";"8.7 hrs";"16.971"
"Riot Games";"Sep 29, 2020, 04:56";"9.5 hrs";"222.834"
"Riot Games";"Sep 28, 2020, 16:32";"7.4 hrs";"21.743"
"Riot Games";"Sep 28, 2020, 07:13";"7.7 hrs";"216.504"
"Riot Games";"Sep 27, 2020, 16:32";"7.5 hrs";"26.716"
"Riot Games";"Sep 27, 2020, 06:52";"8.2 hrs";"212.520"
"Riot Games";"Sep 26, 2020, 16:32";"8.4 hrs";"31.997"
"Riot Games";"Sep 26, 2020, 06:45";"9.3 hrs";"246.497"
"Riot Games";"Sep 25, 2020, 16:32";"5.9 hrs";"17.512"
"Riot Games";"Sep 25, 2020, 06:51";"7.5 hrs";"250.071"
"Riot Games";"Sep 15, 2020, 11:06";"3.1 hrs";"96.953"
"Riot Games";"Sep 6, 2020, 08:00";"19.1 hrs";"11.060"
"Riot Games";"Sep 5, 2020, 17:29";"8.1 hrs";"7.651"
"Riot Games";"Sep 5, 2020, 11:50";"5.1 hrs";"7.234"
"Riot Games";"Sep 4, 2020, 17:29";"3.9 hrs";"15.325"
"Riot Games";"Sep 3, 2020, 14:30";"8.6 hrs";"22.650"
"Riot Games";"Sep 1, 2020, 17:31";"2.5 hrs";"2.941"
"Riot Games";"Aug 30, 2020, 12:20";"13.1 hrs";"2.756"
"Riot Games";"Aug 29, 2020, 12:25";"11.7 hrs";"9.512"
"Riot Games";"Aug 28, 2020, 13:55";"5.7 hrs";"2.881"
"Riot Games";"Aug 24, 2020, 15:01";"0.2 hrs";"2.055"
"Riot Games";"Aug 23, 2020, 12:17";"12.6 hrs";"4.786"
"Riot Games";"Aug 22, 2020, 13:27";"9.6 hrs";"3.658"
"Riot Games";"Aug 21, 2020, 14:29";"8.9 hrs";"3.022"
"Riot Games";"Aug 20, 2020, 18:31";"6.5 hrs";"1.801"
"Riot Games";"Aug 16, 2020, 19:00";"3.9 hrs";"1.896"
"Riot Games";"Aug 16, 2020, 11:25";"5.0 hrs";"11.993"
"Riot Games";"Aug 16, 2020, 00:00";"5.1 hrs";"9.961"
"Riot Games";"Aug 15, 2020, 18:32";"4.4 hrs";"2.134"
"Riot Games";"Aug 14, 2020, 18:52";"10.7 hrs";"10.357"
"Riot Games";"Aug 13, 2020, 18:51";"4.5 hrs";"2.309"
"Riot Games";"Aug 9, 2020, 12:50";"12.2 hrs";"1.982"
"Riot Games";"Aug 8, 2020, 12:51";"11.7 hrs";"2.296"
"Riot Games";"Aug 7, 2020, 23:02";"4.2 hrs";"991"
"Riot Games";"Aug 7, 2020, 14:29";"7.1 hrs";"1.740"
"Riot Games";"Aug 6, 2020, 15:30";"2.1 hrs";"9.180"
"Riot Games";"Aug 4, 2020, 17:33";"2.0 hrs";"5.056"
"Riot Games";"Aug 2, 2020, 18:44";"5.3 hrs";"1.329"
"Riot Games";"Aug 1, 2020, 12:24";"11.8 hrs";"2.390"
"Riot Games";"Jul 31, 2020, 23:41";"3.9 hrs";"873"
"Riot Games";"Jul 31, 2020, 14:28";"6.8 hrs";"1.666"
"Riot Games";"Jul 26, 2020, 18:35";"5.5 hrs";"1.401"
"Riot Games";"Jul 25, 2020, 13:03";"10.7 hrs";"1.924"
"Riot Games";"Jul 24, 2020, 23:21";"4.0 hrs";"795"
"Riot Games";"Jul 24, 2020, 14:20";"7.2 hrs";"2.566"
"Riot Games";"Jul 19, 2020, 18:30";"5.4 hrs";"1.587"
"Riot Games";"Jul 18, 2020, 12:54";"11.2 hrs";"2.380"
"Riot Games";"Jul 17, 2020, 23:33";"4.2 hrs";"1.113"
"Riot Games";"Jul 17, 2020, 14:27";"7.0 hrs";"3.157"
"Riot Games";"Jul 12, 2020, 18:33";"5.7 hrs";"1.697"
"Riot Games";"Jul 11, 2020, 18:50";"5.6 hrs";"1.771"
"Riot Games";"Jul 10, 2020, 23:24";"4.7 hrs";"2.737"
"Riot Games";"Jul 7, 2020, 17:34";"1.7 hrs";"4.418"
"Riot Games";"Jul 5, 2020, 18:30";"6.6 hrs";"1.820"
"Riot Games";"Jul 4, 2020, 13:28";"10.9 hrs";"2.133"
"Riot Games";"Jul 3, 2020, 23:35";"4.0 hrs";"1.170"
"Riot Games";"Jul 3, 2020, 14:30";"7.1 hrs";"2.540"
"Riot Games";"Jun 28, 2020, 18:38";"5.8 hrs";"2.785"
"Riot Games";"Jun 27, 2020, 20:05";"4.3 hrs";"1.526"
"Riot Games";"Jun 27, 2020, 13:25";"6.2 hrs";"5.679"
"Riot Games";"Jun 26, 2020, 23:08";"4.4 hrs";"1.377"
"Riot Games";"Jun 26, 2020, 14:22";"6.9 hrs";"3.014"
"Riot Games";"Jun 21, 2020, 18:31";"5.4 hrs";"2.371"
"Riot Games";"Jun 20, 2020, 13:13";"10.7 hrs";"3.116"
"Riot Games";"Jun 19, 2020, 23:48";"3.6 hrs";"1.735"
"Riot Games";"Jun 19, 2020, 14:30";"6.7 hrs";"4.077"
"Riot Games";"Jun 16, 2020, 17:31";"1.7 hrs";"2.326"
"Riot Games";"Jun 14, 2020, 20:38";"3.3 hrs";"2.329"
"Riot Games";"Jun 14, 2020, 13:24";"6.7 hrs";"3.771"
"Riot Games";"Jun 13, 2020, 13:19";"10.8 hrs";"5.430"
"Riot Games";"Jun 12, 2020, 23:34";"3.8 hrs";"4.474"
"Riot Games";"Jun 12, 2020, 14:33";"7.8 hrs";"9.169"
"Riot Games";"May 31, 2020, 23:05";"4.3 hrs";"44.596"
"Riot Games";"May 29, 2020, 23:02";"48.0 hrs";"82.530"
"Riot Games";"May 29, 2020, 16:42";"3.2 hrs";"5.405"
"Riot Games";"May 5, 2020, 17:33";"2.4 hrs";"2.645"
"Riot Games";"May 2, 2020, 18:47";"6.1 hrs";"5.282"
"Riot Games";"Apr 29, 2020, 18:49";"2.9 hrs";"1.847"
"Riot Games";"Apr 20, 2020, 14:50";"4.1 hrs";"2.108"
"Riot Games";"Apr 20, 2020, 00:16";"5.5 hrs";"1.749"
"Riot Games";"Apr 19, 2020, 18:44";"4.7 hrs";"7.007"
"Riot Games";"Apr 19, 2020, 09:20";"8.9 hrs";"11.271"
"Riot Games";"Apr 18, 2020, 19:57";"10.1 hrs";"2.064"
"Riot Games";"Apr 18, 2020, 12:56";"6.6 hrs";"5.820"
"Riot Games";"Apr 13, 2020, 13:28";"5.6 hrs";"2.212"
"Riot Games";"Apr 12, 2020, 13:10";"11.9 hrs";"5.551"
"Riot Games";"Apr 11, 2020, 18:48";"4.9 hrs";"3.551"
"Riot Games";"Apr 11, 2020, 13:24";"4.5 hrs";"6.022"
"Riot Games";"Apr 10, 2020, 14:23";"5.7 hrs";"4.794"
"Riot Games";"Apr 9, 2020, 13:28";"5.6 hrs";"2.659"
"Riot Games";"Apr 8, 2020, 15:30";"9.6 hrs";"3.577"
"Riot Games";"Apr 8, 2020, 01:35";"1.5 hrs";"10.857"
"Riot Games";"Apr 7, 2020, 18:48";"4.3 hrs";"4.945"
"Riot Games";"Apr 6, 2020, 14:50";"3.1 hrs";"2.110"
"Riot Games";"Apr 5, 2020, 13:28";"9.3 hrs";"4.365"
"Riot Games";"Apr 4, 2020, 13:27";"11.4 hrs";"7.362"
"Riot Games";"Apr 3, 2020, 15:04";"6.3 hrs";"6.866"
"Riot Games";"Mar 31, 2020, 14:49";"3.9 hrs";"1.357"
"Riot Games";"Mar 30, 2020, 18:33";"4.2 hrs";"2.391"
"Riot Games";"Mar 30, 2020, 12:43";"5.2 hrs";"2.510"
"Riot Games";"Mar 29, 2020, 12:36";"11.5 hrs";"3.513"
"Riot Games";"Mar 28, 2020, 15:13";"11.0 hrs";"3.817"
"Riot Games";"Mar 27, 2020, 15:52";"6.7 hrs";"4.021"
"Riot Games";"Mar 23, 2020, 14:50";"5.2 hrs";"2.801"
"Riot Games";"Mar 22, 2020, 12:50";"11.1 hrs";"3.489"
"Riot Games";"Mar 21, 2020, 15:32";"10.7 hrs";"5.157"
"Riot Games";"Mar 20, 2020, 15:56";"7.6 hrs";"3.970"
"Riot Games";"Mar 13, 2020, 21:29";"4.3 hrs";"16.418"
"Riot Games";"Mar 13, 2020, 15:58";"0.8 hrs";"2.940"
"Riot Games";"Mar 12, 2020, 21:51";"7.4 hrs";"16.595"
"Riot Games";"Mar 10, 2020, 15:55";"2.5 hrs";"1.268"
"Riot Games";"Mar 9, 2020, 23:33";"2.9 hrs";"1.079"
"Riot Games";"Mar 9, 2020, 19:31";"1.1 hrs";"1.400"
"Riot Games";"Mar 8, 2020, 17:00";"6.2 hrs";"2.122"
"Riot Games";"Mar 7, 2020, 14:11";"12.2 hrs";"7.335"
"Riot Games";"Mar 7, 2020, 00:02";"1.0 hrs";"1.474"
"Riot Games";"Mar 6, 2020, 15:11";"7.2 hrs";"3.514"
"Riot Games";"Mar 3, 2020, 15:49";"4.8 hrs";"9.767"
"Riot Games";"Mar 3, 2020, 00:19";"3.3 hrs";"1.028"
"Riot Games";"Mar 2, 2020, 20:30";"1.1 hrs";"1.572"
"Riot Games";"Mar 1, 2020, 18:18";"5.9 hrs";"2.047"
"Riot Games";"Feb 29, 2020, 14:05";"11.8 hrs";"3.937"
"Riot Games";"Feb 29, 2020, 00:13";"0.8 hrs";"1.591"
"Riot Games";"Feb 28, 2020, 15:04";"7.0 hrs";"2.801"
"Riot Games";"Feb 25, 2020, 17:15";"2.5 hrs";"1.735"
"Riot Games";"Feb 25, 2020, 00:17";"3.1 hrs";"1.407"
"Riot Games";"Feb 24, 2020, 20:31";"1.1 hrs";"2.045"
"Riot Games";"Feb 23, 2020, 18:24";"5.7 hrs";"4.231"
"Riot Games";"Feb 22, 2020, 13:59";"11.9 hrs";"9.728"
"Riot Games";"Feb 22, 2020, 00:02";"1.0 hrs";"5.948"
"Riot Games";"Feb 21, 2020, 15:25";"6.7 hrs";"7.890"
"Riot Games";"Feb 18, 2020, 16:49";"2.3 hrs";"2.204"
"Riot Games";"Feb 18, 2020, 00:21";"3.0 hrs";"1.645"
"Riot Games";"Feb 17, 2020, 20:30";"1.1 hrs";"2.623"
"Riot Games";"Feb 16, 2020, 18:18";"5.8 hrs";"5.847"
"Riot Games";"Feb 15, 2020, 14:28";"11.4 hrs";"10.907"
"Riot Games";"Feb 15, 2020, 00:02";"1.7 hrs";"5.856"
"Riot Games";"Feb 14, 2020, 15:29";"6.6 hrs";"8.904"
"Riot Games";"Feb 11, 2020, 01:10";"2.4 hrs";"3.255"
"Riot Games";"Feb 10, 2020, 21:00";"1.9 hrs";"2.256"
"Riot Games";"Feb 9, 2020, 18:19";"5.6 hrs";"7.536"
"Riot Games";"Feb 8, 2020, 14:28";"11.8 hrs";"13.289"
"Riot Games";"Feb 8, 2020, 00:08";"0.9 hrs";"7.152"
"Riot Games";"Feb 7, 2020, 15:29";"6.8 hrs";"10.150"
"Riot Games";"Feb 4, 2020, 02:34";"0.7 hrs";"4.031"
"Riot Games";"Feb 4, 2020, 00:40";"0.4 hrs";"1.636"
"Riot Games";"Feb 3, 2020, 20:32";"1.5 hrs";"4.854"
"Riot Games";"Feb 2, 2020, 18:32";"1.0 hrs";"4.871"
"Riot Games";"Feb 1, 2020, 14:31";"6.9 hrs";"14.734"
"Riot Games";"Feb 1, 2020, 00:15";"0.7 hrs";"5.398"
"Riot Games";"Jan 31, 2020, 15:30";"6.2 hrs";"11.950"
"Riot Games";"Jan 27, 2020, 21:08";"0.8 hrs";"5.838"
"Riot Games";"Jan 26, 2020, 18:31";"0.9 hrs";"11.368"
"Riot Games";"Jan 25, 2020, 20:56";"0.6 hrs";"15.369"
"Riot Games";"Jan 25, 2020, 14:44";"0.2 hrs";"1.275"
"Riot Games";"Jan 25, 2020, 00:13";"0.5 hrs";"7.024"
"Riot Games";"Jan 24, 2020, 11:46";"0.1 hrs";"1.099"
"Riot Games";"Dec 18, 2019, 21:59";"8.8 hrs";"7.098"
"Riot Games";"Dec 17, 2019, 21:55";"8.3 hrs";"10.257"
"Riot Games";"Dec 10, 2019, 21:54";"7.2 hrs";"7.738"
"Riot Games";"Dec 8, 2019, 14:50";"6.6 hrs";"14.009"
"Riot Games";"Dec 7, 2019, 22:59";"7.4 hrs";"59.368"
"Riot Games";"Dec 7, 2019, 14:50";"7.1 hrs";"16.314"
"Riot Games";"Dec 6, 2019, 22:56";"8.0 hrs";"70.498"
"Riot Games";"Dec 6, 2019, 14:59";"6.6 hrs";"21.010"
"Riot Games";"Dec 5, 2019, 23:11";"7.2 hrs";"74.756"
"Riot Games";"Dec 4, 2019, 17:56";"1.0 hrs";"4.051"
"Riot Games";"Nov 20, 2019, 18:06";"1.3 hrs";"4.000"
"Riot Games";"Nov 16, 2019, 18:51";"6.7 hrs";"25.320"
"Riot Games";"Nov 10, 2019, 19:50";"5.6 hrs";"21.487"
"Riot Games";"Nov 10, 2019, 04:05";"12.2 hrs";"637.369"
"Riot Games";"Nov 6, 2019, 17:47";"1.1 hrs";"6.777"
"Riot Games";"Nov 3, 2019, 19:20";"5.1 hrs";"24.716"
"Riot Games";"Nov 3, 2019, 09:24";"6.0 hrs";"524.402"
"Riot Games";"Nov 2, 2019, 18:20";"4.7 hrs";"18.262"
"Riot Games";"Nov 2, 2019, 09:27";"5.6 hrs";"311.548"
"Riot Games";"Oct 31, 2019, 15:45";"6.3 hrs";"33.394"
"Riot Games";"Oct 30, 2019, 15:44";"10.0 hrs";"33.892"
"Riot Games";"Oct 30, 2019, 13:21";"0.4 hrs";"6.321"
"Riot Games";"Oct 27, 2019, 09:22";"18.0 hrs";"398.489"
"Riot Games";"Oct 26, 2019, 18:21";"8.6 hrs";"26.810"
"Riot Games";"Oct 26, 2019, 08:22";"9.5 hrs";"344.529"
"Riot Games";"Oct 23, 2019, 16:46";"1.3 hrs";"12.636"
"Riot Games";"Oct 20, 2019, 18:20";"6.6 hrs";"19.764"
"Riot Games";"Oct 20, 2019, 10:20";"7.6 hrs";"322.642"
"Riot Games";"Oct 19, 2019, 10:20";"14.7 hrs";"355.605"
"Riot Games";"Oct 18, 2019, 11:15";"15.3 hrs";"251.969"
"Riot Games";"Oct 17, 2019, 11:28";"15.6 hrs";"214.011"
"Riot Games";"Oct 16, 2019, 18:00";"3.2 hrs";"89.758"
"Riot Games";"Oct 15, 2019, 21:32";"5.4 hrs";"185.104"
"Riot Games";"Oct 15, 2019, 11:30";"7.7 hrs";"254.002"
"Riot Games";"Oct 14, 2019, 11:30";"14.7 hrs";"325.463"
"Riot Games";"Oct 13, 2019, 19:05";"7.2 hrs";"24.840"
"Riot Games";"Oct 13, 2019, 09:51";"8.6 hrs";"326.380"
"Riot Games";"Oct 12, 2019, 10:42";"15.7 hrs";"365.052"
"Riot Games";"Oct 8, 2019, 09:52";"20.0 hrs";"164.709"
"Riot Games";"Oct 7, 2019, 18:20";"7.2 hrs";"15.781"
"Riot Games";"Oct 7, 2019, 09:46";"7.8 hrs";"128.128"
"Riot Games";"Oct 5, 2019, 18:20";"7.6 hrs";"15.567"
"Riot Games";"Oct 5, 2019, 08:47";"8.1 hrs";"106.409"
"Riot Games";"Oct 4, 2019, 08:47";"18.9 hrs";"137.655"
"Riot Games";"Oct 3, 2019, 18:20";"6.7 hrs";"15.563"
"Riot Games";"Oct 3, 2019, 09:43";"7.3 hrs";"122.086"
"Riot Games";"Oct 2, 2019, 18:20";"7.2 hrs";"20.917"
"Riot Games";"Oct 2, 2019, 09:47";"7.8 hrs";"148.787"
"Riot Games";"Sep 29, 2019, 13:10";"5.2 hrs";"54.110"
"Riot Games";"Sep 28, 2019, 09:15";"7.3 hrs";"38.911"
"Riot Games";"Sep 23, 2019, 12:30";"2.6 hrs";"92.618"
"Riot Games";"Sep 22, 2019, 15:30";"5.4 hrs";"16.199"
"Riot Games";"Sep 21, 2019, 15:30";"5.6 hrs";"18.680"
"Riot Games";"Sep 19, 2019, 15:38";"6.1 hrs";"17.154"
"Riot Games";"Sep 18, 2019, 15:34";"6.2 hrs";"16.758"
"Riot Games";"Sep 17, 2019, 15:30";"5.9 hrs";"18.253"
"Riot Games";"Sep 16, 2019, 15:32";"6.2 hrs";"22.313"
"Riot Games";"Sep 15, 2019, 19:51";"4.0 hrs";"9.850"
"Riot Games";"Sep 15, 2019, 13:31";"5.0 hrs";"132.640"
"Riot Games";"Sep 14, 2019, 19:50";"3.6 hrs";"8.209"
"Riot Games";"Sep 14, 2019, 13:23";"4.7 hrs";"93.729"
"Riot Games";"Sep 13, 2019, 14:30";"13.2 hrs";"92.163"
"Riot Games";"Sep 12, 2019, 15:33";"4.8 hrs";"17.815"
"Riot Games";"Sep 11, 2019, 15:02";"7.4 hrs";"16.455"
"Riot Games";"Sep 10, 2019, 15:23";"6.5 hrs";"16.778"
"Riot Games";"Sep 9, 2019, 15:24";"11.3 hrs";"17.306"
"Riot Games";"Sep 9, 2019, 00:57";"6.5 hrs";"19.252"
"Riot Games";"Sep 8, 2019, 13:17";"7.5 hrs";"429.107"
"Riot Games";"Sep 7, 2019, 22:59";"4.1 hrs";"15.230"
"Riot Games";"Sep 7, 2019, 13:20";"5.1 hrs";"148.291"
"Riot Games";"Sep 6, 2019, 17:44";"5.7 hrs";"97.865"
"Riot Games";"Sep 4, 2019, 22:45";"2.6 hrs";"2.447"
"Riot Games";"Aug 31, 2019, 13:25";"13.0 hrs";"232.494"
"Riot Games";"Aug 30, 2019, 14:24";"11.3 hrs";"101.957"
"Riot Games";"Aug 26, 2019, 20:20";"5.9 hrs";"6.576"
"Riot Games";"Aug 25, 2019, 18:29";"6.6 hrs";"332.122"
"Riot Games";"Aug 24, 2019, 19:51";"10.9 hrs";"142.979"
"Riot Games";"Aug 24, 2019, 13:30";"5.9 hrs";"113.216"
"Riot Games";"Aug 24, 2019, 01:30";"3.6 hrs";"5.506"
"Riot Games";"Aug 23, 2019, 14:31";"4.4 hrs";"100.476"
"Riot Games";"Aug 21, 2019, 22:45";"3.8 hrs";"8.272"
"Riot Games";"Aug 19, 2019, 20:49";"5.6 hrs";"6.693"
"Riot Games";"Aug 18, 2019, 17:29";"6.4 hrs";"232.888"
"Riot Games";"Aug 17, 2019, 13:31";"17.4 hrs";"172.772"
"Riot Games";"Aug 16, 2019, 14:24";"17.3 hrs";"114.547"
"Riot Games";"Aug 14, 2019, 22:47";"3.1 hrs";"4.334"
"Riot Games";"Aug 12, 2019, 21:29";"3.9 hrs";"5.129"
"Riot Games";"Aug 11, 2019, 17:30";"4.7 hrs";"145.465"
"Riot Games";"Aug 10, 2019, 13:17";"17.9 hrs";"181.565"
"Riot Games";"Aug 9, 2019, 14:13";"17.4 hrs";"96.284"
"Riot Games";"Aug 8, 2019, 20:59";"4.9 hrs";"26.677"
"Riot Games";"Aug 7, 2019, 22:46";"3.0 hrs";"3.445"
"Riot Games";"Aug 5, 2019, 20:24";"8.5 hrs";"7.068"
"Riot Games";"Aug 4, 2019, 17:29";"9.4 hrs";"167.071"
"Riot Games";"Aug 3, 2019, 13:26";"18.0 hrs";"146.626"
"Riot Games";"Aug 2, 2019, 14:18";"16.4 hrs";"104.165"
"Riot Games";"Aug 1, 2019, 20:59";"5.6 hrs";"21.674"
"Riot Games";"Jul 31, 2019, 22:45";"3.1 hrs";"3.898"
"Riot Games";"Jul 29, 2019, 20:54";"6.5 hrs";"5.161"
"Riot Games";"Jul 28, 2019, 17:29";"7.3 hrs";"138.153"
"Riot Games";"Jul 27, 2019, 13:24";"18.7 hrs";"102.407"
"Riot Games";"Jul 26, 2019, 14:19";"17.9 hrs";"88.426"
"Riot Games";"Jul 24, 2019, 22:45";"3.1 hrs";"4.245"
"Riot Games";"Jul 22, 2019, 20:48";"6.4 hrs";"5.620"
"Riot Games";"Jul 21, 2019, 17:30";"7.2 hrs";"122.938"
"Riot Games";"Jul 20, 2019, 13:27";"18.4 hrs";"121.749"
"Riot Games";"Jul 19, 2019, 14:27";"18.4 hrs";"96.556"
"Riot Games";"Jul 15, 2019, 20:29";"6.6 hrs";"7.282"
"Riot Games";"Jul 14, 2019, 17:30";"7.4 hrs";"142.216"
"Riot Games";"Jul 13, 2019, 13:19";"19.1 hrs";"115.884"
"Riot Games";"Jul 12, 2019, 14:31";"17.6 hrs";"93.073"
"Riot Games";"Jul 10, 2019, 22:45";"3.0 hrs";"4.351"
"Riot Games";"Jul 8, 2019, 20:26";"6.8 hrs";"6.904"
"Riot Games";"Jul 7, 2019, 17:29";"7.6 hrs";"138.160"
"Riot Games";"Jul 7, 2019, 07:11";"4.9 hrs";"42.561"
"Riot Games";"Jul 6, 2019, 19:31";"6.7 hrs";"119.890"
"Riot Games";"Jul 6, 2019, 07:22";"3.5 hrs";"21.604"
"Riot Games";"Jul 5, 2019, 21:00";"5.4 hrs";"23.001"
"Riot Games";"Jul 5, 2019, 06:24";"8.2 hrs";"20.196"
"Riot Games";"Jul 3, 2019, 22:45";"2.8 hrs";"3.935"
"Riot Games";"Jun 30, 2019, 09:57";"4.3 hrs";"11.580"
"Riot Games";"Jun 29, 2019, 17:29";"5.3 hrs";"153.079"
"Riot Games";"Jun 29, 2019, 09:57";"6.3 hrs";"12.698"
"Riot Games";"Jun 28, 2019, 17:29";"7.3 hrs";"146.496"
"Riot Games";"Jun 28, 2019, 09:57";"5.5 hrs";"12.648"
"Riot Games";"Jun 27, 2019, 17:35";"6.3 hrs";"166.801"
"Riot Games";"Jun 26, 2019, 22:45";"2.8 hrs";"3.544"
"Riot Games";"Jun 24, 2019, 20:56";"7.0 hrs";"6.185"
"Riot Games";"Jun 23, 2019, 17:29";"7.9 hrs";"150.310"
"Riot Games";"Jun 22, 2019, 13:31";"18.4 hrs";"147.661"
"Riot Games";"Jun 21, 2019, 14:25";"17.6 hrs";"159.316"
"Riot Games";"Jun 19, 2019, 22:46";"3.5 hrs";"4.256"
"Riot Games";"Jun 17, 2019, 20:27";"6.6 hrs";"8.202"
"Riot Games";"Jun 16, 2019, 17:29";"7.4 hrs";"183.774"
"Riot Games";"Jun 15, 2019, 13:33";"18.2 hrs";"142.124"
"Riot Games";"Jun 14, 2019, 14:16";"18.1 hrs";"112.184"
"Riot Games";"Jun 10, 2019, 20:27";"6.5 hrs";"7.587"
"Riot Games";"Jun 9, 2019, 17:30";"7.4 hrs";"139.952"
"Riot Games";"Jun 8, 2019, 13:35";"18.0 hrs";"138.518"
"Riot Games";"Jun 7, 2019, 10:00";"22.6 hrs";"106.099"
"Riot Games";"Jun 5, 2019, 22:45";"3.1 hrs";"4.930"
"Riot Games";"Jun 3, 2019, 20:31";"6.2 hrs";"8.402"
"Riot Games";"Jun 2, 2019, 17:29";"7.1 hrs";"170.263"
"Riot Games";"Jun 1, 2019, 19:30";"6.4 hrs";"196.312"
"Riot Games";"May 31, 2019, 21:01";"4.9 hrs";"62.233"
"Riot Games";"May 29, 2019, 22:45";"3.0 hrs";"3.910"
"Riot Games";"May 26, 2019, 17:00";"6.2 hrs";"34.441"
"Riot Games";"May 25, 2019, 18:00";"9.4 hrs";"31.089"
"Riot Games";"May 24, 2019, 21:00";"5.7 hrs";"26.187"
"Riot Games";"May 23, 2019, 21:00";"5.7 hrs";"29.015"
"Riot Games";"May 19, 2019, 18:27";"3.6 hrs";"15.010"
"Riot Games";"May 19, 2019, 05:30";"4.6 hrs";"273.417"
"Riot Games";"May 18, 2019, 18:27";"5.6 hrs";"23.619"
"Riot Games";"May 18, 2019, 05:30";"7.1 hrs";"298.478"
"Riot Games";"May 17, 2019, 18:52";"4.4 hrs";"25.671"
"Riot Games";"May 17, 2019, 08:29";"5.8 hrs";"238.063"
"Riot Games";"May 14, 2019, 18:27";"6.3 hrs";"12.905"
"Riot Games";"May 14, 2019, 08:30";"7.3 hrs";"153.122"
"Riot Games";"May 13, 2019, 18:27";"6.3 hrs";"17.342"
"Riot Games";"May 13, 2019, 08:30";"7.2 hrs";"138.439"
"Riot Games";"May 12, 2019, 18:27";"6.5 hrs";"20.917"
"Riot Games";"May 12, 2019, 05:30";"7.4 hrs";"194.714"
"Riot Games";"May 11, 2019, 18:27";"6.5 hrs";"20.689"
"Riot Games";"May 11, 2019, 05:30";"7.4 hrs";"172.740"
"Riot Games";"May 10, 2019, 18:27";"6.6 hrs";"27.766"
"Riot Games";"May 10, 2019, 08:30";"8.6 hrs";"205.930"
"Riot Games";"May 9, 2019, 22:45";"3.3 hrs";"3.923"
"Riot Games";"May 7, 2019, 18:27";"5.1 hrs";"12.432"
"Riot Games";"May 7, 2019, 08:30";"6.1 hrs";"70.324"
"Riot Games";"May 6, 2019, 18:27";"7.3 hrs";"21.324"
"Riot Games";"May 6, 2019, 06:30";"8.2 hrs";"100.497"
"Riot Games";"May 5, 2019, 18:57";"7.3 hrs";"18.118"
"Riot Games";"May 5, 2019, 04:01";"8.4 hrs";"72.142"
"Riot Games";"May 2, 2019, 18:57";"9.4 hrs";"41.089"
"Riot Games";"May 2, 2019, 08:00";"10.4 hrs";"70.627"
"Riot Games";"May 1, 2019, 18:57";"8.0 hrs";"9.684"
"Riot Games";"May 1, 2019, 08:00";"8.9 hrs";"73.381"
"Riot Games";"Apr 30, 2019, 22:46";"3.5 hrs";"4.146"
"Riot Games";"Apr 28, 2019, 13:20";"3.4 hrs";"31.423"
"Riot Games";"Apr 27, 2019, 13:25";"4.5 hrs";"32.321"
"Riot Games";"Apr 23, 2019, 10:13";"1.5 hrs";"21.084"
"Riot Games";"Apr 21, 2019, 15:24";"6.8 hrs";"34.351"
"Riot Games";"Apr 20, 2019, 15:24";"5.3 hrs";"33.353"
"Riot Games";"Apr 19, 2019, 15:25";"3.1 hrs";"27.271"
"Riot Games";"Apr 18, 2019, 15:25";"6.2 hrs";"24.262"
"Riot Games";"Apr 17, 2019, 15:24";"6.5 hrs";"23.841"
"Riot Games";"Apr 16, 2019, 15:24";"6.8 hrs";"26.333"
"Riot Games";"Apr 15, 2019, 15:25";"6.3 hrs";"31.372"
"Riot Games";"Apr 14, 2019, 13:20";"15.7 hrs";"252.006"
"Riot Games";"Apr 13, 2019, 13:32";"17.2 hrs";"409.971"
"Riot Games";"Apr 12, 2019, 23:00";"3.1 hrs";"10.846"
"Riot Games";"Apr 11, 2019, 15:25";"5.0 hrs";"25.569"
"Riot Games";"Apr 10, 2019, 22:45";"2.5 hrs";"9.153"
"Riot Games";"Apr 10, 2019, 15:24";"6.7 hrs";"24.493"
"Riot Games";"Apr 9, 2019, 15:22";"6.5 hrs";"23.726"
"Riot Games";"Apr 8, 2019, 15:46";"9.6 hrs";"26.092"
"Riot Games";"Apr 7, 2019, 11:34";"10.3 hrs";"217.680"
"Riot Games";"Apr 6, 2019, 19:29";"11.1 hrs";"288.488"
"Riot Games";"Apr 6, 2019, 13:15";"5.3 hrs";"153.692"
"Riot Games";"Apr 5, 2019, 21:13";"10.2 hrs";"56.378"
"Riot Games";"Apr 5, 2019, 14:18";"6.1 hrs";"174.618"
"Riot Games";"Apr 3, 2019, 22:45";"3.0 hrs";"4.289"
"Riot Games";"Apr 1, 2019, 15:42";"11.0 hrs";"12.071"
"Riot Games";"Mar 31, 2019, 16:29";"7.3 hrs";"246.669"
"Riot Games";"Mar 30, 2019, 14:23";"17.7 hrs";"150.138"
"Riot Games";"Mar 30, 2019, 02:20";"4.1 hrs";"11.711"
"Riot Games";"Mar 29, 2019, 20:59";"4.4 hrs";"52.145"
"Riot Games";"Mar 29, 2019, 15:31";"4.9 hrs";"148.423"
"Riot Games";"Mar 28, 2019, 21:02";"3.7 hrs";"33.108"
"Riot Games";"Mar 27, 2019, 22:45";"3.5 hrs";"7.111"
"Riot Games";"Mar 25, 2019, 15:27";"7.3 hrs";"6.211"
"Riot Games";"Mar 24, 2019, 17:29";"7.4 hrs";"211.158"
"Riot Games";"Mar 23, 2019, 19:29";"6.1 hrs";"157.264"
"Riot Games";"Mar 22, 2019, 21:00";"3.9 hrs";"35.988"
"Riot Games";"Mar 21, 2019, 21:00";"5.7 hrs";"25.137"
"Riot Games";"Mar 20, 2019, 22:45";"3.3 hrs";"4.112"
"Riot Games";"Mar 18, 2019, 15:27";"6.5 hrs";"9.735"
"Riot Games";"Mar 17, 2019, 17:19";"7.6 hrs";"170.224"
"Riot Games";"Mar 16, 2019, 14:13";"18.7 hrs";"155.832"
"Riot Games";"Mar 16, 2019, 03:18";"6.6 hrs";"8.555"
"Riot Games";"Mar 15, 2019, 15:10";"7.9 hrs";"186.315"
"Riot Games";"Mar 13, 2019, 22:45";"3.3 hrs";"5.594"
"Riot Games";"Mar 11, 2019, 20:27";"6.0 hrs";"6.299"
"Riot Games";"Mar 10, 2019, 17:29";"6.8 hrs";"187.706"
"Riot Games";"Mar 9, 2019, 14:19";"19.1 hrs";"196.308"
"Riot Games";"Mar 9, 2019, 04:59";"6.3 hrs";"8.180"
"Riot Games";"Mar 8, 2019, 15:32";"7.0 hrs";"124.504"
"Riot Games";"Mar 6, 2019, 23:45";"3.5 hrs";"3.928"
"Riot Games";"Mar 4, 2019, 21:27";"6.6 hrs";"6.858"
"Riot Games";"Mar 3, 2019, 18:29";"7.6 hrs";"220.392"
"Riot Games";"Mar 2, 2019, 14:15";"19.6 hrs";"182.969"
"Riot Games";"Mar 2, 2019, 04:20";"6.2 hrs";"7.070"
"Riot Games";"Mar 1, 2019, 15:15";"7.3 hrs";"130.103"
"Riot Games";"Feb 27, 2019, 23:45";"4.0 hrs";"6.841"
"Riot Games";"Feb 25, 2019, 21:27";"6.3 hrs";"7.146"
"Riot Games";"Feb 24, 2019, 18:30";"7.2 hrs";"198.265"
"Riot Games";"Feb 23, 2019, 14:17";"18.9 hrs";"158.603"
"Riot Games";"Feb 23, 2019, 04:12";"5.9 hrs";"7.316"
"Riot Games";"Feb 22, 2019, 15:19";"6.9 hrs";"128.685"
"Riot Games";"Feb 20, 2019, 23:45";"3.6 hrs";"6.274"
"Riot Games";"Feb 18, 2019, 21:27";"6.1 hrs";"6.360"
"Riot Games";"Feb 17, 2019, 18:29";"7.1 hrs";"214.437"
"Riot Games";"Feb 16, 2019, 14:12";"19.0 hrs";"169.562"
"Riot Games";"Feb 16, 2019, 04:42";"5.9 hrs";"8.111"
"Riot Games";"Feb 15, 2019, 15:11";"7.0 hrs";"139.539"
"Riot Games";"Feb 13, 2019, 23:45";"2.6 hrs";"5.301"
"Riot Games";"Feb 11, 2019, 21:57";"6.3 hrs";"6.946"
"Riot Games";"Feb 10, 2019, 18:29";"7.3 hrs";"185.039"
"Riot Games";"Feb 9, 2019, 14:25";"19.3 hrs";"193.571"
"Riot Games";"Feb 9, 2019, 04:25";"6.2 hrs";"11.867"
"Riot Games";"Feb 8, 2019, 15:11";"7.4 hrs";"144.639"
"Riot Games";"Feb 6, 2019, 23:45";"3.0 hrs";"5.088"
"Riot Games";"Feb 4, 2019, 21:55";"6.2 hrs";"8.159"
"Riot Games";"Feb 3, 2019, 18:30";"7.1 hrs";"191.445"
"Riot Games";"Feb 2, 2019, 14:30";"18.9 hrs";"183.590"
"Riot Games";"Feb 2, 2019, 04:28";"6.3 hrs";"10.026"
"Riot Games";"Feb 1, 2019, 15:31";"7.2 hrs";"145.106"
"Riot Games";"Jan 30, 2019, 23:16";"3.5 hrs";"11.334"
"Riot Games";"Jan 27, 2019, 18:30";"6.7 hrs";"231.624"
"Riot Games";"Jan 26, 2019, 14:38";"18.9 hrs";"242.039"
"Riot Games";"Jan 26, 2019, 04:31";"7.2 hrs";"14.742"
"Riot Games";"Jan 25, 2019, 15:35";"8.0 hrs";"159.161"
"Riot Games";"Jan 23, 2019, 17:52";"0.2 hrs";"1.920"
"Riot Games";"Jan 21, 2019, 17:51";"0.2 hrs";"1.934"
"Riot Games";"Jan 20, 2019, 02:27";"6.1 hrs";"22.252"
"Riot Games";"Jan 19, 2019, 14:37";"7.0 hrs";"193.527"
"Riot Games";"Jan 19, 2019, 04:06";"7.8 hrs";"23.649"
"Riot Games";"Jan 18, 2019, 07:31";"16.9 hrs";"229.713"
"Riot Games";"Dec 9, 2018, 14:40";"6.1 hrs";"30.883"
"Riot Games";"Dec 8, 2018, 22:59";"6.8 hrs";"98.155"
"Riot Games";"Dec 8, 2018, 14:43";"6.3 hrs";"29.954"
"Riot Games";"Dec 7, 2018, 23:00";"7.1 hrs";"117.267"
"Riot Games";"Dec 7, 2018, 14:40";"7.6 hrs";"36.651"
"Riot Games";"Dec 6, 2018, 23:03";"8.2 hrs";"151.535"
"Riot Games";"Nov 18, 2018, 03:00";"1.9 hrs";"35.587"
"Riot Games";"Nov 17, 2018, 19:01";"6.4 hrs";"28.149"
"Riot Games";"Nov 4, 2018, 18:40";"0.2 hrs";"2.965"
"auronplay";"Oct 21, 2020, 14:17";"3.0 hrs";"93.562"
"auronplay";"Oct 20, 2020, 14:32";"2.9 hrs";"93.275"
"auronplay";"Oct 19, 2020, 14:19";"3.8 hrs";"137.954"
"auronplay";"Oct 18, 2020, 14:16";"3.5 hrs";"80.959"
"auronplay";"Oct 17, 2020, 14:12";"3.5 hrs";"128.290"
"auronplay";"Oct 16, 2020, 14:45";"3.3 hrs";"93.762"
"auronplay";"Oct 15, 2020, 14:03";"3.7 hrs";"117.563"
"auronplay";"Oct 13, 2020, 14:40";"2.9 hrs";"100.784"
"auronplay";"Oct 12, 2020, 14:20";"3.7 hrs";"148.390"
"auronplay";"Oct 11, 2020, 15:18";"3.3 hrs";"96.233"
"auronplay";"Oct 10, 2020, 13:40";"4.1 hrs";"97.987"
"auronplay";"Oct 9, 2020, 13:54";"3.0 hrs";"79.916"
"auronplay";"Oct 7, 2020, 14:23";"3.2 hrs";"137.098"
"auronplay";"Oct 6, 2020, 14:11";"3.0 hrs";"104.106"
"auronplay";"Oct 4, 2020, 14:17";"3.6 hrs";"94.075"
"auronplay";"Oct 3, 2020, 14:04";"3.8 hrs";"116.173"
"auronplay";"Oct 2, 2020, 14:04";"3.7 hrs";"103.504"
"auronplay";"Oct 1, 2020, 14:12";"3.9 hrs";"95.249"
"auronplay";"Sep 30, 2020, 14:39";"3.6 hrs";"140.282"
"auronplay";"Sep 29, 2020, 13:54";"4.0 hrs";"72.640"
"auronplay";"Sep 27, 2020, 14:23";"3.9 hrs";"112.952"
"auronplay";"Sep 26, 2020, 14:23";"4.2 hrs";"110.588"
"auronplay";"Sep 25, 2020, 15:11";"3.0 hrs";"78.877"
"auronplay";"Sep 24, 2020, 14:05";"3.6 hrs";"195.151"
"auronplay";"Sep 20, 2020, 14:41";"4.0 hrs";"132.629"
"auronplay";"Sep 19, 2020, 14:24";"4.2 hrs";"65.763"
"auronplay";"Sep 18, 2020, 15:08";"3.1 hrs";"58.222"
"auronplay";"Sep 17, 2020, 14:27";"3.6 hrs";"137.417"
"auronplay";"Sep 16, 2020, 14:40";"3.9 hrs";"70.547"
"auronplay";"Sep 15, 2020, 13:59";"4.1 hrs";"129.461"
"auronplay";"Sep 13, 2020, 14:29";"3.8 hrs";"77.005"
"auronplay";"Sep 12, 2020, 13:54";"4.7 hrs";"108.749"
"auronplay";"Sep 10, 2020, 14:21";"4.6 hrs";"142.121"
"auronplay";"Sep 8, 2020, 14:00";"4.4 hrs";"151.184"
"auronplay";"Sep 7, 2020, 13:59";"3.4 hrs";"110.857"
"auronplay";"Sep 6, 2020, 15:00";"3.4 hrs";"92.997"
"auronplay";"Sep 5, 2020, 13:56";"4.1 hrs";"128.875"
"auronplay";"Sep 3, 2020, 14:21";"4.4 hrs";"139.634"
"auronplay";"Sep 1, 2020, 14:15";"3.8 hrs";"106.499"
"auronplay";"Aug 31, 2020, 14:44";"3.8 hrs";"128.005"
"auronplay";"Aug 30, 2020, 13:31";"4.9 hrs";"65.284"
"auronplay";"Aug 28, 2020, 14:49";"3.3 hrs";"170.839"
"auronplay";"Aug 26, 2020, 14:54";"3.5 hrs";"122.357"
"auronplay";"Aug 25, 2020, 14:36";"3.3 hrs";"120.891"
"auronplay";"Aug 24, 2020, 14:23";"3.4 hrs";"126.150"
"auronplay";"Aug 23, 2020, 14:46";"4.1 hrs";"67.461"
"auronplay";"Aug 22, 2020, 14:48";"3.3 hrs";"104.484"
"auronplay";"Aug 21, 2020, 14:06";"3.5 hrs";"140.201"
"auronplay";"Aug 16, 2020, 14:53";"2.7 hrs";"101.378"
"auronplay";"Aug 15, 2020, 14:46";"3.3 hrs";"76.708"
"auronplay";"Aug 14, 2020, 14:40";"3.6 hrs";"123.366"
"auronplay";"Aug 13, 2020, 14:10";"4.1 hrs";"109.724"
"auronplay";"Aug 12, 2020, 14:06";"3.5 hrs";"98.450"
"auronplay";"Aug 11, 2020, 14:32";"3.5 hrs";"101.985"
"auronplay";"Aug 9, 2020, 14:25";"2.6 hrs";"93.736"
"auronplay";"Aug 8, 2020, 14:14";"4.2 hrs";"85.342"
"auronplay";"Aug 7, 2020, 14:37";"3.6 hrs";"93.541"
"auronplay";"Aug 6, 2020, 14:18";"3.6 hrs";"97.998"
"auronplay";"Aug 5, 2020, 14:13";"3.4 hrs";"96.232"
"auronplay";"Aug 4, 2020, 14:13";"3.0 hrs";"108.572"
"auronplay";"Aug 3, 2020, 14:12";"3.5 hrs";"98.509"
"auronplay";"Aug 1, 2020, 15:01";"3.4 hrs";"104.688"
"auronplay";"Jul 31, 2020, 14:27";"3.5 hrs";"108.610"
"auronplay";"Jul 30, 2020, 14:51";"3.4 hrs";"104.025"
"auronplay";"Jul 29, 2020, 14:25";"3.5 hrs";"88.935"
"auronplay";"Jul 28, 2020, 14:04";"3.8 hrs";"96.887"
"auronplay";"Jul 26, 2020, 14:53";"3.2 hrs";"86.096"
"auronplay";"Jul 25, 2020, 14:38";"3.8 hrs";"62.114"
"auronplay";"Jul 24, 2020, 14:54";"3.0 hrs";"85.429"
"auronplay";"Jul 23, 2020, 14:12";"3.0 hrs";"91.921"
"auronplay";"Jul 22, 2020, 14:10";"4.1 hrs";"89.219"
"auronplay";"Jul 21, 2020, 14:18";"3.1 hrs";"101.757"
"auronplay";"Jul 20, 2020, 14:17";"3.5 hrs";"83.369"
"auronplay";"Jul 19, 2020, 14:22";"3.7 hrs";"89.545"
"auronplay";"Jul 16, 2020, 13:36";"3.6 hrs";"80.762"
"auronplay";"Jul 15, 2020, 14:10";"3.9 hrs";"84.693"
"auronplay";"Jul 14, 2020, 16:03";"4.8 hrs";"84.018"
"auronplay";"Jul 13, 2020, 13:58";"2.9 hrs";"87.611"
"auronplay";"Jul 12, 2020, 14:15";"3.8 hrs";"84.272"
"auronplay";"Jul 11, 2020, 14:55";"3.5 hrs";"76.580"
"auronplay";"Jul 10, 2020, 15:51";"2.4 hrs";"68.921"
"auronplay";"Jul 8, 2020, 13:06";"2.8 hrs";"93.586"
"auronplay";"Jul 6, 2020, 14:08";"3.4 hrs";"108.619"
"auronplay";"Jul 5, 2020, 14:06";"4.0 hrs";"72.720"
"auronplay";"Jul 4, 2020, 14:02";"2.2 hrs";"83.005"
"auronplay";"Jul 3, 2020, 13:00";"4.4 hrs";"93.426"
"auronplay";"Jul 1, 2020, 14:59";"2.4 hrs";"96.447"
"auronplay";"Jun 30, 2020, 14:48";"2.9 hrs";"108.335"
"auronplay";"Jun 29, 2020, 14:14";"2.7 hrs";"67.531"
"auronplay";"Jun 28, 2020, 14:00";"2.9 hrs";"87.200"
"auronplay";"Jun 27, 2020, 14:07";"3.8 hrs";"85.262"
"auronplay";"Jun 24, 2020, 14:06";"2.3 hrs";"123.698"
"auronplay";"Jun 23, 2020, 14:04";"4.0 hrs";"114.421"
"auronplay";"Jun 22, 2020, 14:08";"3.4 hrs";"144.050"
"auronplay";"Jun 21, 2020, 14:14";"4.8 hrs";"103.305"
"auronplay";"Jun 20, 2020, 14:25";"3.0 hrs";"82.976"
"auronplay";"Jun 19, 2020, 14:07";"4.1 hrs";"114.123"
"auronplay";"Jun 18, 2020, 14:17";"3.3 hrs";"116.749"
"auronplay";"Jun 17, 2020, 14:06";"3.6 hrs";"121.163"
"auronplay";"Jun 15, 2020, 14:12";"3.5 hrs";"119.708"
"auronplay";"Jun 14, 2020, 13:59";"3.8 hrs";"119.538"
"auronplay";"Jun 12, 2020, 14:10";"3.4 hrs";"120.586"
"auronplay";"Jun 11, 2020, 14:14";"2.8 hrs";"130.098"
"auronplay";"Jun 10, 2020, 14:14";"2.7 hrs";"137.601"
"auronplay";"Jun 8, 2020, 14:11";"3.2 hrs";"134.243"
"auronplay";"Jun 7, 2020, 14:08";"3.4 hrs";"120.903"
"auronplay";"Jun 6, 2020, 16:07";"2.6 hrs";"115.442"
"auronplay";"Jun 5, 2020, 14:35";"3.5 hrs";"141.401"
"auronplay";"Jun 4, 2020, 14:07";"3.6 hrs";"133.261"
"auronplay";"Jun 2, 2020, 14:13";"3.4 hrs";"152.853"
"auronplay";"Jun 1, 2020, 14:11";"2.4 hrs";"125.040"
"auronplay";"May 31, 2020, 14:07";"3.1 hrs";"136.981"
"auronplay";"May 29, 2020, 14:07";"4.0 hrs";"174.077"
"auronplay";"May 28, 2020, 14:49";"2.3 hrs";"83.004"
"auronplay";"May 27, 2020, 14:02";"3.2 hrs";"130.086"
"auronplay";"May 26, 2020, 14:02";"3.2 hrs";"136.309"
"auronplay";"May 24, 2020, 17:36";"1.8 hrs";"163.088"
"auronplay";"May 23, 2020, 14:26";"3.3 hrs";"115.465"
"auronplay";"May 22, 2020, 14:04";"2.3 hrs";"112.108"
"auronplay";"May 21, 2020, 14:02";"3.0 hrs";"135.411"
"auronplay";"May 16, 2020, 14:03";"3.2 hrs";"103.768"
"auronplay";"May 15, 2020, 14:16";"3.3 hrs";"116.197"
"auronplay";"May 14, 2020, 14:00";"3.6 hrs";"114.258"
"auronplay";"May 13, 2020, 14:53";"1.5 hrs";"78.192"
"auronplay";"May 12, 2020, 14:08";"3.3 hrs";"109.062"
"auronplay";"May 11, 2020, 14:08";"2.6 hrs";"108.583"
"auronplay";"May 9, 2020, 14:18";"3.4 hrs";"101.226"
"auronplay";"May 8, 2020, 14:08";"3.3 hrs";"105.460"
"auronplay";"May 7, 2020, 14:07";"3.8 hrs";"119.740"
"auronplay";"May 6, 2020, 17:05";"2.1 hrs";"156.498"
"auronplay";"May 5, 2020, 14:03";"3.7 hrs";"119.923"
"auronplay";"May 3, 2020, 14:00";"4.1 hrs";"147.845"
"auronplay";"May 1, 2020, 14:06";"3.5 hrs";"116.567"
"auronplay";"Apr 30, 2020, 14:35";"2.3 hrs";"76.745"
"auronplay";"Apr 29, 2020, 14:10";"3.7 hrs";"101.378"
"auronplay";"Apr 27, 2020, 14:12";"3.4 hrs";"97.716"
"auronplay";"Apr 26, 2020, 14:25";"2.6 hrs";"66.495"
"auronplay";"Apr 25, 2020, 14:16";"3.8 hrs";"80.216"
"auronplay";"Apr 23, 2020, 14:26";"3.6 hrs";"81.852"
"auronplay";"Apr 22, 2020, 16:29";"2.1 hrs";"98.409"
"auronplay";"Apr 21, 2020, 14:29";"3.6 hrs";"70.337"
"auronplay";"Apr 20, 2020, 14:24";"2.5 hrs";"76.846"
"auronplay";"Apr 19, 2020, 14:11";"3.2 hrs";"69.874"
"auronplay";"Apr 17, 2020, 14:13";"2.9 hrs";"61.770"
"auronplay";"Apr 16, 2020, 14:17";"2.8 hrs";"62.538"
"auronplay";"Apr 15, 2020, 14:40";"2.4 hrs";"57.084"
"auronplay";"Apr 14, 2020, 14:04";"3.2 hrs";"49.700"
"auronplay";"Apr 13, 2020, 14:10";"3.4 hrs";"64.789"
"auronplay";"Apr 12, 2020, 14:17";"3.0 hrs";"51.460"
"auronplay";"Apr 11, 2020, 15:24";"2.5 hrs";"47.109"
"auronplay";"Apr 10, 2020, 16:33";"2.4 hrs";"95.359"
"auronplay";"Apr 9, 2020, 15:03";"3.0 hrs";"23.673"
"auronplay";"Apr 8, 2020, 15:06";"2.5 hrs";"47.571"
"auronplay";"Apr 7, 2020, 15:11";"2.5 hrs";"69.673"
"auronplay";"Apr 5, 2020, 15:25";"2.6 hrs";"70.485"
"auronplay";"Apr 3, 2020, 15:30";"2.2 hrs";"39.571"
"auronplay";"Apr 2, 2020, 15:07";"2.5 hrs";"74.413"
"auronplay";"Apr 1, 2020, 15:38";"2.3 hrs";"43.621"
"auronplay";"Mar 31, 2020, 15:51";"2.4 hrs";"83.041"
"auronplay";"Mar 29, 2020, 15:04";"3.2 hrs";"61.984"
"auronplay";"Mar 26, 2020, 16:25";"2.3 hrs";"72.399"
"auronplay";"Mar 25, 2020, 16:21";"2.7 hrs";"37.777"
"auronplay";"Mar 24, 2020, 16:07";"2.6 hrs";"73.301"
"auronplay";"Mar 23, 2020, 16:27";"2.3 hrs";"39.764"
"auronplay";"Mar 22, 2020, 15:51";"2.2 hrs";"67.769"
"auronplay";"Mar 21, 2020, 16:16";"2.1 hrs";"45.634"
"auronplay";"Mar 20, 2020, 16:36";"1.8 hrs";"34.312"
"auronplay";"Mar 19, 2020, 16:45";"2.6 hrs";"65.908"
"auronplay";"Mar 18, 2020, 16:23";"2.5 hrs";"36.105"
"auronplay";"Mar 17, 2020, 16:23";"2.4 hrs";"55.893"
"auronplay";"Mar 16, 2020, 16:32";"2.2 hrs";"37.478"
"auronplay";"Mar 15, 2020, 16:49";"1.4 hrs";"27.839"
"auronplay";"Mar 14, 2020, 16:03";"2.7 hrs";"93.459"
"auronplay";"Mar 13, 2020, 19:24";"2.7 hrs";"97.034"
"auronplay";"Mar 12, 2020, 16:22";"2.4 hrs";"30.157"
"auronplay";"Mar 11, 2020, 16:41";"2.2 hrs";"47.566"
"auronplay";"Mar 9, 2020, 16:37";"2.5 hrs";"32.407"
"auronplay";"Mar 8, 2020, 16:35";"2.6 hrs";"56.226"
"auronplay";"Mar 6, 2020, 16:23";"2.2 hrs";"29.752"
"auronplay";"Mar 5, 2020, 16:00";"2.1 hrs";"48.750"
"auronplay";"Mar 3, 2020, 17:26";"2.5 hrs";"20.949"
"auronplay";"Mar 2, 2020, 16:07";"2.6 hrs";"42.670"
"auronplay";"Mar 1, 2020, 16:45";"2.6 hrs";"59.178"
"auronplay";"Feb 28, 2020, 16:33";"3.0 hrs";"62.118"
"auronplay";"Feb 26, 2020, 16:10";"2.6 hrs";"34.588"
"auronplay";"Feb 25, 2020, 16:54";"1.5 hrs";"63.495"
"auronplay";"Feb 24, 2020, 16:39";"2.8 hrs";"38.762"
"auronplay";"Feb 23, 2020, 16:55";"2.5 hrs";"71.271"
"auronplay";"Feb 21, 2020, 16:34";"2.5 hrs";"35.926"
"auronplay";"Feb 20, 2020, 16:40";"2.6 hrs";"62.371"
"auronplay";"Feb 19, 2020, 16:29";"2.6 hrs";"45.670"
"auronplay";"Feb 18, 2020, 16:59";"2.4 hrs";"61.246"
"auronplay";"Feb 17, 2020, 16:33";"2.7 hrs";"39.903"
"auronplay";"Feb 16, 2020, 16:36";"2.8 hrs";"70.829"
"auronplay";"Feb 14, 2020, 16:57";"3.1 hrs";"81.094"
"auronplay";"Feb 12, 2020, 16:44";"2.2 hrs";"39.837"
"auronplay";"Feb 11, 2020, 17:03";"2.5 hrs";"88.379"
"auronplay";"Feb 10, 2020, 16:29";"2.6 hrs";"40.132"
"auronplay";"Feb 9, 2020, 16:34";"2.7 hrs";"72.215"
"auronplay";"Feb 7, 2020, 16:46";"2.3 hrs";"46.229"
"auronplay";"Feb 6, 2020, 15:00";"3.2 hrs";"44.152"
"auronplay";"Feb 5, 2020, 16:50";"2.2 hrs";"53.280"
"auronplay";"Feb 4, 2020, 16:43";"2.7 hrs";"60.955"
"auronplay";"Feb 3, 2020, 16:32";"2.4 hrs";"46.931"
"auronplay";"Feb 2, 2020, 16:52";"2.4 hrs";"71.617"
"auronplay";"Jan 31, 2020, 16:52";"2.2 hrs";"50.337"
"auronplay";"Jan 30, 2020, 16:37";"2.5 hrs";"74.292"
"auronplay";"Jan 29, 2020, 16:44";"2.5 hrs";"44.846"
"auronplay";"Jan 28, 2020, 16:43";"2.5 hrs";"80.432"
"auronplay";"Jan 27, 2020, 16:42";"2.7 hrs";"44.646"
"auronplay";"Jan 26, 2020, 16:51";"2.4 hrs";"74.382"
"auronplay";"Jan 24, 2020, 16:52";"2.5 hrs";"53.095"
"auronplay";"Jan 23, 2020, 16:59";"2.3 hrs";"69.135"
"auronplay";"Jan 22, 2020, 16:39";"2.9 hrs";"54.801"
"auronplay";"Jan 21, 2020, 16:55";"2.3 hrs";"60.048"
"auronplay";"Jan 21, 2020, 14:07";"1.8 hrs";"19.831"
"auronplay";"Jan 20, 2020, 16:33";"3.0 hrs";"61.211"
"auronplay";"Jan 19, 2020, 16:37";"2.5 hrs";"57.874"
"auronplay";"Jan 16, 2020, 16:43";"2.5 hrs";"61.974"
"auronplay";"Jan 15, 2020, 16:57";"2.3 hrs";"29.683"
"auronplay";"Jan 14, 2020, 15:56";"1.8 hrs";"60.575"
"auronplay";"Jan 12, 2020, 16:57";"2.6 hrs";"74.110"
"auronplay";"Jan 10, 2020, 16:58";"2.3 hrs";"67.250"
"auronplay";"Jan 8, 2020, 16:38";"2.6 hrs";"72.367"
"auronplay";"Jan 7, 2020, 16:57";"2.6 hrs";"63.986"
"auronplay";"Jan 5, 2020, 16:55";"2.5 hrs";"51.640"
"auronplay";"Jan 3, 2020, 16:54";"2.5 hrs";"64.675"
"auronplay";"Dec 28, 2019, 16:58";"2.1 hrs";"53.740"
"auronplay";"Dec 27, 2019, 17:37";"2.3 hrs";"58.183"
"auronplay";"Dec 26, 2019, 17:12";"2.4 hrs";"71.048"
"auronplay";"Dec 22, 2019, 17:54";"3.0 hrs";"75.356"
"auronplay";"Dec 20, 2019, 16:40";"2.2 hrs";"62.995"
"auronplay";"Dec 19, 2019, 16:54";"2.7 hrs";"75.565"
"auronplay";"Dec 17, 2019, 17:03";"2.7 hrs";"76.120"
"auronplay";"Dec 16, 2019, 16:36";"2.5 hrs";"89.267"
"auronplay";"Dec 13, 2019, 16:55";"2.3 hrs";"50.708"
"auronplay";"Dec 12, 2019, 16:32";"2.7 hrs";"79.958"
"auronplay";"Dec 10, 2019, 17:06";"1.6 hrs";"95.317"
"auronplay";"Dec 8, 2019, 16:45";"2.1 hrs";"63.770"
"auronplay";"Dec 6, 2019, 16:44";"2.7 hrs";"57.343"
"auronplay";"Dec 5, 2019, 16:46";"1.8 hrs";"23.422"
"auronplay";"Dec 4, 2019, 16:43";"2.9 hrs";"61.138"
"auronplay";"Dec 2, 2019, 16:53";"2.4 hrs";"70.853"
"auronplay";"Dec 1, 2019, 16:56";"2.1 hrs";"69.258"
"auronplay";"Nov 29, 2019, 17:14";"1.8 hrs";"63.899"
"auronplay";"Nov 28, 2019, 16:48";"2.6 hrs";"68.760"
"auronplay";"Nov 27, 2019, 16:48";"2.4 hrs";"65.809"
"auronplay";"Nov 26, 2019, 16:53";"2.5 hrs";"57.665"
"auronplay";"Nov 25, 2019, 16:55";"2.3 hrs";"61.543"
"auronplay";"Nov 22, 2019, 17:14";"2.2 hrs";"43.164"
"auronplay";"Nov 21, 2019, 16:57";"2.3 hrs";"45.367"
"auronplay";"Nov 20, 2019, 16:51";"2.5 hrs";"45.306"
"auronplay";"Nov 19, 2019, 17:01";"2.4 hrs";"49.444"
"auronplay";"Nov 18, 2019, 17:18";"2.3 hrs";"39.475"
"auronplay";"Nov 17, 2019, 16:55";"2.6 hrs";"35.764"
"auronplay";"Nov 15, 2019, 17:08";"2.3 hrs";"17.266"
"auronplay";"Nov 13, 2019, 17:21";"2.0 hrs";"9.429"
"auronplay";"Nov 12, 2019, 17:16";"2.1 hrs";"8.445"
"auronplay";"Nov 11, 2019, 17:14";"2.0 hrs";"9.941"
"auronplay";"Nov 10, 2019, 17:16";"2.1 hrs";"12.164"
"auronplay";"Nov 8, 2019, 17:13";"1.9 hrs";"10.247"
"auronplay";"Nov 7, 2019, 17:05";"2.5 hrs";"10.890"
"auronplay";"Nov 6, 2019, 16:54";"2.5 hrs";"10.143"
"auronplay";"Nov 5, 2019, 17:23";"1.5 hrs";"12.608"
"auronplay";"Nov 4, 2019, 17:21";"2.0 hrs";"17.005"
"auronplay";"Nov 3, 2019, 17:22";"2.0 hrs";"17.524"
"auronplay";"Nov 1, 2019, 17:29";"1.9 hrs";"13.814"
"auronplay";"Oct 31, 2019, 17:28";"2.1 hrs";"12.687"
"auronplay";"Oct 30, 2019, 17:13";"2.0 hrs";"12.257"
"auronplay";"Oct 29, 2019, 17:05";"2.3 hrs";"11.449"
"auronplay";"Oct 28, 2019, 17:29";"2.1 hrs";"10.907"
"auronplay";"Oct 27, 2019, 17:44";"1.8 hrs";"15.177"
"auronplay";"Oct 25, 2019, 16:27";"2.1 hrs";"11.083"
"auronplay";"Oct 24, 2019, 16:21";"2.2 hrs";"12.699"
"auronplay";"Oct 23, 2019, 16:26";"2.0 hrs";"13.111"
"auronplay";"Oct 22, 2019, 16:24";"1.8 hrs";"10.481"
"auronplay";"Oct 21, 2019, 16:50";"1.6 hrs";"13.110"
"auronplay";"Oct 20, 2019, 16:25";"2.0 hrs";"14.792"
"auronplay";"Oct 18, 2019, 16:29";"2.1 hrs";"10.627"
"auronplay";"Oct 17, 2019, 16:26";"2.0 hrs";"11.027"
"AustinShow";"Oct 11, 2020, 20:12";"5.0 hrs";"95.629"
"AustinShow";"Sep 26, 2020, 20:37";"0.3 hrs";"4.334"
"AustinShow";"Sep 24, 2020, 20:26";"5.0 hrs";"130.774"
"AustinShow";"Sep 19, 2020, 20:30";"0.4 hrs";"4.406"
"AustinShow";"Sep 10, 2020, 20:22";"5.5 hrs";"137.926"
"AustinShow";"Aug 29, 2020, 20:56";"0.8 hrs";"12.041"
"AustinShow";"Aug 27, 2020, 20:29";"5.4 hrs";"51.041"
"AustinShow";"Aug 18, 2020, 20:14";"4.2 hrs";"12.023"
"AustinShow";"Aug 17, 2020, 19:12";"4.5 hrs";"40.427"
"AustinShow";"Aug 13, 2020, 20:38";"5.4 hrs";"32.774"
"AustinShow";"Aug 8, 2020, 20:12";"4.9 hrs";"32.688"
"AustinShow";"Aug 1, 2020, 22:11";"1.9 hrs";"8.668"
"AustinShow";"Jul 30, 2020, 20:17";"5.1 hrs";"23.555"
"AustinShow";"Jul 18, 2020, 20:17";"5.3 hrs";"68.293"
"AustinShow";"Jul 11, 2020, 19:05";"2.8 hrs";"12.702"
"AustinShow";"Jul 10, 2020, 20:32";"4.2 hrs";"34.877"
"AustinShow";"Jul 6, 2020, 20:03";"5.7 hrs";"63.499"
"AustinShow";"Jun 29, 2020, 20:01";"5.2 hrs";"37.222"
"AustinShow";"Jun 22, 2020, 20:00";"4.9 hrs";"30.442"
"AustinShow";"Jun 17, 2020, 20:19";"4.1 hrs";"74.073"
"AustinShow";"Jun 15, 2020, 20:43";"4.3 hrs";"34.732"
"AustinShow";"May 27, 2020, 20:54";"4.5 hrs";"47.262"
"AustinShow";"May 20, 2020, 20:24";"4.7 hrs";"43.662"
"AustinShow";"May 16, 2020, 20:15";"4.5 hrs";"33.040"
"AustinShow";"May 13, 2020, 20:16";"4.5 hrs";"52.445"
"AustinShow";"May 6, 2020, 20:05";"4.7 hrs";"28.507"
"AustinShow";"Apr 29, 2020, 20:19";"4.9 hrs";"70.916"
"AustinShow";"Apr 26, 2020, 20:15";"4.8 hrs";"36.114"
"AustinShow";"Apr 24, 2020, 20:17";"5.0 hrs";"29.498"
"AustinShow";"Apr 21, 2020, 20:19";"4.6 hrs";"41.005"
"AustinShow";"Apr 15, 2020, 20:23";"4.5 hrs";"27.659"
"AustinShow";"Apr 3, 2020, 20:16";"4.3 hrs";"20.748"
"AustinShow";"Apr 2, 2020, 20:21";"4.5 hrs";"33.156"
"AustinShow";"Mar 27, 2020, 22:29";"4.3 hrs";"34.711"
"AustinShow";"Mar 23, 2020, 20:37";"4.5 hrs";"39.391"
"AustinShow";"Mar 21, 2020, 20:42";"4.4 hrs";"43.451"
"AustinShow";"Mar 17, 2020, 20:39";"4.8 hrs";"20.261"
"AustinShow";"Mar 11, 2020, 20:33";"4.8 hrs";"18.506"
"AustinShow";"Mar 6, 2020, 21:49";"4.4 hrs";"21.053"
"AustinShow";"Mar 5, 2020, 21:18";"4.1 hrs";"24.223"
"AustinShow";"Feb 29, 2020, 21:18";"1.9 hrs";"14.654"
"AustinShow";"Feb 25, 2020, 21:26";"4.6 hrs";"25.559"
"AustinShow";"Feb 20, 2020, 21:08";"1.3 hrs";"25.095"
"AustinShow";"Feb 19, 2020, 21:40";"4.4 hrs";"25.545"
"AustinShow";"Feb 11, 2020, 21:23";"4.7 hrs";"41.471"
"AustinShow";"Feb 8, 2020, 21:13";"4.2 hrs";"19.252"
"AustinShow";"Feb 4, 2020, 21:21";"4.4 hrs";"24.733"
"AustinShow";"Jan 28, 2020, 21:21";"4.7 hrs";"27.537"
"AustinShow";"Jan 25, 2020, 21:19";"4.9 hrs";"22.457"
"AustinShow";"Jan 23, 2020, 21:20";"4.9 hrs";"34.201"
"AustinShow";"Jan 21, 2020, 21:36";"4.6 hrs";"18.242"
"AustinShow";"Jan 12, 2020, 21:22";"4.7 hrs";"23.304"
"AustinShow";"Jan 9, 2020, 21:16";"4.3 hrs";"21.905"
"AustinShow";"Dec 30, 2019, 21:02";"5.9 hrs";"34.358"
"AustinShow";"Dec 23, 2019, 20:59";"4.8 hrs";"30.394"
"AustinShow";"Dec 16, 2019, 21:06";"5.5 hrs";"37.540"
"AustinShow";"Dec 14, 2019, 21:19";"4.8 hrs";"19.340"
"AustinShow";"Dec 10, 2019, 22:15";"3.6 hrs";"21.867"
"AustinShow";"Dec 9, 2019, 21:31";"5.5 hrs";"27.687"
"AustinShow";"Nov 30, 2019, 21:25";"4.3 hrs";"22.191"
"AustinShow";"Nov 26, 2019, 21:38";"4.1 hrs";"17.476"
"AustinShow";"Nov 23, 2019, 21:19";"5.3 hrs";"28.546"
"AustinShow";"Nov 18, 2019, 21:23";"4.8 hrs";"24.396"
"AustinShow";"Nov 16, 2019, 21:26";"4.5 hrs";"20.989"
"AustinShow";"Nov 11, 2019, 21:29";"4.1 hrs";"27.673"
"AustinShow";"Nov 7, 2019, 21:25";"4.0 hrs";"22.459"
"AustinShow";"Nov 3, 2019, 21:40";"4.7 hrs";"25.812"
"AustinShow";"Oct 31, 2019, 20:16";"4.3 hrs";"22.017"
"AustinShow";"Oct 30, 2019, 20:31";"3.2 hrs";"4.791"
"AustinShow";"Oct 28, 2019, 20:22";"4.0 hrs";"24.744"
"AustinShow";"Oct 22, 2019, 20:22";"4.5 hrs";"24.971"
"AustinShow";"Oct 19, 2019, 20:38";"4.9 hrs";"31.210"
"AustinShow";"Oct 16, 2019, 20:35";"4.2 hrs";"20.616"
"AustinShow";"Oct 14, 2019, 20:20";"5.1 hrs";"23.361"
"AustinShow";"Sep 28, 2019, 21:50";"3.4 hrs";"39.053"
"AustinShow";"Sep 23, 2019, 20:27";"4.5 hrs";"32.028"
"AustinShow";"Sep 21, 2019, 20:20";"5.1 hrs";"36.032"
"AustinShow";"Sep 19, 2019, 20:31";"3.9 hrs";"20.938"
"AustinShow";"Sep 17, 2019, 20:22";"3.9 hrs";"24.140"
"AustinShow";"Sep 14, 2019, 20:27";"4.5 hrs";"27.857"
"AustinShow";"Sep 10, 2019, 20:22";"4.2 hrs";"25.161"
"AustinShow";"Sep 9, 2019, 20:22";"4.5 hrs";"25.969"
"AustinShow";"Sep 7, 2019, 20:27";"4.3 hrs";"25.502"
"AustinShow";"Sep 4, 2019, 20:18";"4.4 hrs";"28.298"
"AustinShow";"Sep 3, 2019, 20:33";"4.2 hrs";"28.910"
"AustinShow";"Aug 24, 2019, 20:29";"4.1 hrs";"25.475"
"AustinShow";"Aug 20, 2019, 20:18";"4.4 hrs";"22.181"
"AustinShow";"Aug 17, 2019, 20:06";"4.5 hrs";"29.769"
"AustinShow";"Aug 15, 2019, 20:48";"3.9 hrs";"20.902"
"AustinShow";"Aug 13, 2019, 20:38";"3.9 hrs";"21.788"
"AustinShow";"Aug 10, 2019, 20:27";"4.5 hrs";"26.847"
"AustinShow";"Aug 8, 2019, 20:34";"4.0 hrs";"20.803"
"AustinShow";"Aug 3, 2019, 21:27";"3.6 hrs";"23.933"
"AustinShow";"Aug 2, 2019, 20:33";"4.2 hrs";"20.126"
"AustinShow";"Jul 29, 2019, 21:21";"3.5 hrs";"22.591"
"AustinShow";"Jul 27, 2019, 20:43";"4.3 hrs";"30.669"
"AustinShow";"Jul 26, 2019, 20:21";"3.7 hrs";"23.354"
"AustinShow";"Jul 25, 2019, 20:17";"4.1 hrs";"23.618"
"AustinShow";"Jul 22, 2019, 20:36";"4.6 hrs";"25.219"
"AustinShow";"Jul 20, 2019, 20:22";"4.4 hrs";"25.731"
"AustinShow";"Jul 16, 2019, 20:41";"4.0 hrs";"22.966"
"AustinShow";"Jul 15, 2019, 20:24";"4.7 hrs";"26.614"
"AustinShow";"Jul 13, 2019, 20:28";"4.4 hrs";"21.007"
"AustinShow";"Jul 12, 2019, 20:19";"4.3 hrs";"23.177"
"AustinShow";"Jul 9, 2019, 20:40";"3.9 hrs";"19.345"
"AustinShow";"Jul 7, 2019, 20:27";"4.6 hrs";"26.119"
"AustinShow";"Jul 5, 2019, 20:29";"4.3 hrs";"22.659"
"AustinShow";"Jul 2, 2019, 20:30";"4.6 hrs";"35.296"
"AustinShow";"Jun 29, 2019, 20:33";"4.7 hrs";"28.709"
"AustinShow";"Jun 27, 2019, 20:28";"4.3 hrs";"20.924"
"AustinShow";"Jun 24, 2019, 20:58";"5.3 hrs";"26.798"
"AustinShow";"Jun 22, 2019, 20:23";"4.0 hrs";"25.370"
"AustinShow";"Jun 18, 2019, 20:36";"4.0 hrs";"22.824"
"AustinShow";"Jun 16, 2019, 20:23";"4.9 hrs";"29.582"
"AustinShow";"Jun 14, 2019, 20:38";"4.3 hrs";"26.972"
"AustinShow";"Jun 10, 2019, 20:15";"4.0 hrs";"21.205"
"AustinShow";"Jun 8, 2019, 20:25";"4.2 hrs";"24.426"
"AustinShow";"Jun 4, 2019, 20:41";"4.0 hrs";"21.643"
"AustinShow";"May 29, 2019, 20:37";"4.5 hrs";"28.634"
"AustinShow";"May 27, 2019, 20:26";"4.1 hrs";"23.907"
"AustinShow";"May 25, 2019, 20:25";"4.3 hrs";"31.111"
"AustinShow";"May 24, 2019, 20:20";"4.4 hrs";"24.449"
"AustinShow";"May 20, 2019, 20:19";"4.3 hrs";"29.928"
"AustinShow";"May 17, 2019, 20:42";"3.7 hrs";"23.101"
"AustinShow";"May 14, 2019, 20:24";"4.2 hrs";"25.354"
"AustinShow";"May 13, 2019, 20:40";"4.6 hrs";"26.855"
"AustinShow";"May 11, 2019, 20:22";"4.2 hrs";"33.234"
"AustinShow";"May 10, 2019, 20:21";"3.9 hrs";"30.639"
"AustinShow";"May 7, 2019, 20:30";"4.1 hrs";"27.453"
"AustinShow";"May 6, 2019, 20:25";"4.2 hrs";"50.412"
"AustinShow";"May 4, 2019, 20:18";"4.3 hrs";"35.559"
"AustinShow";"May 3, 2019, 20:20";"3.9 hrs";"26.172"
"AustinShow";"Apr 29, 2019, 20:34";"3.8 hrs";"25.545"
"AustinShow";"Apr 25, 2019, 20:22";"3.9 hrs";"24.867"
"AustinShow";"Apr 23, 2019, 20:39";"3.9 hrs";"27.029"
"AustinShow";"Apr 22, 2019, 20:35";"4.0 hrs";"22.265"
"AustinShow";"Apr 20, 2019, 20:17";"4.3 hrs";"22.742"
"AustinShow";"Apr 18, 2019, 20:18";"4.4 hrs";"22.093"
"AustinShow";"Apr 6, 2019, 20:22";"4.4 hrs";"26.559"
"AustinShow";"Apr 4, 2019, 20:06";"3.3 hrs";"21.176"
"AustinShow";"Apr 3, 2019, 19:49";"1.8 hrs";"6.669"
"AustinShow";"Apr 1, 2019, 20:29";"4.1 hrs";"20.757"
"AustinShow";"Mar 25, 2019, 20:43";"4.2 hrs";"24.641"
"AustinShow";"Mar 23, 2019, 20:32";"4.9 hrs";"28.029"
"AustinShow";"Mar 21, 2019, 20:55";"3.6 hrs";"24.036"
"AustinShow";"Mar 20, 2019, 20:04";"3.3 hrs";"3.888"
"AustinShow";"Mar 18, 2019, 20:31";"4.0 hrs";"29.606"
"AustinShow";"Mar 13, 2019, 20:35";"4.3 hrs";"24.421"
"AustinShow";"Mar 12, 2019, 20:31";"6.2 hrs";"7.186"
"AustinShow";"Mar 11, 2019, 20:42";"4.0 hrs";"26.509"
"AustinShow";"Mar 9, 2019, 21:26";"4.0 hrs";"29.295"
"AustinShow";"Mar 7, 2019, 21:36";"4.3 hrs";"19.894"
"AustinShow";"Mar 6, 2019, 21:17";"4.5 hrs";"18.639"
"AustinShow";"Mar 4, 2019, 21:25";"3.8 hrs";"27.204"
"AustinShow";"Mar 3, 2019, 21:20";"1.9 hrs";"7.386"
"AustinShow";"Feb 28, 2019, 21:46";"3.8 hrs";"19.227"
"AustinShow";"Feb 26, 2019, 21:26";"4.1 hrs";"19.527"
"AustinShow";"Feb 23, 2019, 21:22";"4.4 hrs";"26.240"
"AustinShow";"Feb 21, 2019, 21:24";"4.5 hrs";"26.158"
"AustinShow";"Feb 20, 2019, 21:30";"4.2 hrs";"23.476"
"AustinShow";"Feb 18, 2019, 21:42";"4.2 hrs";"24.684"
"AustinShow";"Feb 14, 2019, 21:28";"4.4 hrs";"23.887"
"AustinShow";"Feb 12, 2019, 21:37";"3.3 hrs";"16.356"
"AustinShow";"Feb 11, 2019, 21:24";"4.0 hrs";"19.921"
"AustinShow";"Feb 9, 2019, 21:19";"4.3 hrs";"26.982"
